<launch>
    <let name="urdf_path"
            value="$(find irrobot_description)/urdf/irrobot.urdf.xacro" />
    <let name="rviz_config_path"
            value="$(find irrobot_description)/config/display.rviz" />

    <node pkg="robot_state_publisher" exec="robot_state_publisher">
        <param name="robot_description"
               value="$(command 'xacro $(var urdf_path)')" />
    </node>

    <node pkg="controller_manager" exec="ros2_control_node">
        <param from="$(find-pkg-share irrobot_bringup)/config/irrobot_controllers.yaml" />
    </node>

    <node pkg="controller_manager" exec="spawner" args="joint_state_broadcaster" />

    <node pkg="controller_manager" exec="spawner" args="diff_drive_controller" />

    <node pkg="rviz2" exec="rviz2" output="screen"
         args="-d $(var rviz_config_path)">
    </node>
</launch>